Aarhus
Abadan
Abeche
Aberdeen
AbidjanCote d'Ivoire
Abilene (TX)
Abu Dhabi 
Abuja 
Acapulco
Accra 
Adana
Addis Ababa 
Adelaide
Aden 
Adiyaman
Adler/Sochi
Agades
Agadir
Agana (Hagåtña)Guam
Aggeneys
AguadillaPuerto Rico
Aguascaliente
Ahmedabad
Aiyura New 
Ajaccio
Akita
Akron (OH)
Akrotiri 
Al Ain
Albany
Albi
Alborg
Albuquerque (NM)
Albury
AlderneyChannel Islands
Aleppo
Alesund
Alexander Bay 
Alexandria 
Alfujairah (Fujairah)
Alghero Sassari
Algiers, Houari Boumediene 
Alicante
Alice Springs
Alldays
Allentown (PA)
Almaty (Alma Ata) 
Almeria
Alta
AltayPR 
Altenrhein
Altoona (PA)
Altus
Amami
Amarillo (TX)
Amazon Bay New 
Amman 
Amritsar
Amsterdam 
Anand
Anchorage (AK) 
Ancona 
 La Vella 
AnguillaAnguilla
Anjouan 
Ankara
Annaba
Ann Arbor (MI)
Annecy
Anniston (AL)
Antalya
Antananarivo (Tanannarive) 
Antigua, V.C. Bird Antigua and Barbuda
Antwerp
Aomori
Apia 
Appelton/Neenah/Menasha (WI)
Aqaba
Aracaju
Arkhangelsk
Arusha
Araxos
Arlit
Arrecife/Lanzarote
Aruba 
Asheville (NC)
Ashgabat 
Asmara 
Aspen, (CO) 
Assiut
Astana 
Asuncion 
Aswan 
Athens 
Atlanta (GA) 
Atlantic City (NJ) 
Attawapiskat, NT
Auckland 
Augsburg 
Augusta (GA)
Aurillac
Austin (TX) 
Ayawasi
Ayers Rock 
Ayr
Badajoz
Bagdad 
Bagdogra
 
Bahawalpur
 
Bakersfield (CA)
Baku 
Ballina
Baltimore (MD) 
Bamaga
Bamako 
Bambariublic
Bandar Seri Begawan 
Bandung 
Bangalore
Bangassouublic
Bangkok, Don Muang
Bangor (ME)
Bangui 
Banjul 
Bannu
Barcelona
Bardufoss
Bari
Barisal
Baroda
Barra (the famous tidal beach landing)
Barranquilla
Basel
Basel/Mulhouse/
Basra, Basrah
Basse
Basseterre 
Bastia
Baton Rouge (LA) 
Bayreuth 
Beaumont/Pt. Arthur (TX)
Beckley (WV)
Beef Island 
Beijing
Beira
Beirut 
Belem 
Belfast 
Belgaum
Belgrad (Beograd) 
 City 
Bellingham (WA)
Belo Horizonte 
Bemidji (MN)
Benbecula
Benghazi (Bengasi)
Benguela
Benton Harbour (MI)
Berberatiublic
Bergamo/Milan 
Bergen
Bergerac 
Berlin
Bermuda 
Berne, Bern
Bethel (AK)
Bhopal
Bhubaneswar
Biarritz
Bilbao
Billings (MT)
Billund
Bintulu
Biraroublic
Birmingham 
Bishkek 
Bismarck (ND) 
Bissau 
Blackpool
Blackwater
Blantyre (Mandala) 
Blenheim
Bloemfontein 
Bloomington (IL)
Bluefield (WV)
Boa Vista
Bobo/Dioulasso Faso
Bodo
Bodrum 
Bogota 
Boise (ID) 
Bologna
Mumbai 
Bonaire Antilles
Bonaventure, PQ
Bora BoraFrench Polynesia
Bordeaux 
Borrego Springs (CA)
Boston (MA) 
BouakeCote d'Ivoire
Bourgas/Burgas
Bournemouth
Bowen
Bozeman (MT)
Bradford/Warren (PA) /Olean (NY)
Brainerd (MN)
Brampton Island
Brasilia 
Bratislava 
Brazzaville 
Bremen 
Brescia, Montichiari
Brest
Briaublic
Bridgeport (CT)
Bridgetown 
Brindisi
Brisbane
Bristol
Broennoeysund
Broken Hill
Brookings (SD)
Broome
Brunswick (GA)
Brussels 
Bucaramanga
Bucharest
Budapest 
Buenos Aires
Buffalo Range
Buffalo/Niagara Falls (NY)
Bujumbura 
Bulawayo
Bullhead City (NV)
Bundaberg
Burbank (CA)
Burlington IA
Burnie (Wynyard)
Butte (MT)
Cabinda
Cagliari
Cairns
Cairo 
Calama 
Calcutta (Kolkata) 
Calgary 
Cali
Calicut
Calvi
Cambridge Bay
Cambrigde
Campbeltown
Campo Grande
Canberra 
Cancun
Cannes 
Canouan (island) 
Cape Town 
Caracas 
Cardiff 
Carlsbad (CA)
Carnarvon
Carnotublic
Carson City (NV)
Casablanca
Casa de Campo 
Casino
Casper (WY)
Castaway
Cartagena 
Castries 
Catania
Cayenne 
Cottbus 
Cebu City 
Cedar City (UT)
Ceduna
Cessnock
Chabarovsk (Khabarovsk)
Chambery
Champaign (IL)
Chandigarh 
ChangchunJilin, PR 
Chania
Chaoyang, Beijing 
Charleston (SC)
Charlotte (NC)
Charlottesville (VA)
Charters Towers
Chattanooga (TN)
Chengdu 
Chennai (Madras)
Cheyenne (WY) 
Chiang Mai 
Chiba City
Chicago (IL), Midway
Chichen Itza
Chico (CA)
Chihuahua 
Chios
Chipata
Chisinau 
Chita (Tschita)
Sapporo 
Chitral
Chittagong
Chongqing 
Christchurch
Chub Cay
Churchill
Cienfuegos 
Cincinnati (OH) 
Ciudad Del Carmen
Clarksburg (WV)
Clermont
Cleveland (OH) , Burke Lakefront
Cochabamba
Cochin
Cody/Powell/Yellowstone (WY)
Coffmann Cove (AK)
Coffs Harbour
Coimbatore
Colima
College Station/Bryan (TX)
Collinsville
Cologne 
Colombo 
Colorado Springs (CO)
Columbia (SC) 
Columbus (GA)
Conakry 
Concord (CA) 
Constantine
Constanta (Constanța) 
Coober Pedy
Cooktown
Cooma
Copenhagen 
Cordoba
Cordova (AK)
Corfu
Cork
Corpus Christi (TX)
Cotonou 
Coventry 
Cozmel
Craig (AK)
Crescent City (CA)
Cuiaba 
Culiacan
Curacao 
Curitiba 
Cuyo
Dakar 
Dalaman
Dalby
Dalian 
Dallas (TX) , Love Field
Dallas/Ft. Worth (TX) 
DaloaCote d'Ivoire
Damascus, 
Dammam, King Fahad Saudi Arabien
Danville (VA)
Dar es Salam (Daressalam) 
Darwin
Daydream Island
Dayton (OH)
Daytona Beach (FL)
Decatur (IL)
Deer Lake/Corner Brook
Delhi 
Den Haag (The Hague)
Denizli
Denpasar/Bali
Denver (CO) 
Dera Ismail Khan 
Derby
Derry (Londonderry)
Des Moines (IA) 
Detroit (MI) , Coleman A. Young Municipal
Devils Lake (ND)
Devonport
Dhahran
Dhaka 
Dili 
Dillingham (AK)
Dinard
Disneyland Paris
Djerba
 (city) 
Dodoma 
Doha 
Doncaster/Sheffield, Robin Hood  
Donegal (Carrickfin)
Dortmund
Dothan (AL)
Douala
Dresden 
Dubai 
Dubbo
Dublin 
Dubois (PA)
Dubrovnik (Hrvatska)
Dubuque IA
Duesseldorf 
Duluth (MN) /Superior (WI)
Dundee
Dunedin
Dunk Island
Durango (CO)
Durban
Dushanbe (Duschanbe) 
Dutch Harbor (AK)
Dysart
DzaoudziMayotte
East London
Easter Island
Eau Clarie (WI)
Edinburgh 
Edmonton
Egilsstadir
Eindhoven
Samana 
Elba Island, Marina Di Campo
Elat
Elkhart (IN)
Elko (NV)
Ellisras
El Minya
Elmira (NY)
Ely (NV)
Emerald
Enontekioe
Entebbe 
Erfurt 
Erie (PA)
Eriwan (Yerevan, Jerevan)
Erzincan
Erzurum
Esbjerg
Escanaba (MI)
Esperance
Eugene (OR)
Eureka (CA)
Evansville (IN)
Evenes
Exeter
Fairbanks (AK)
Fair Isle (Shetland)
Faisalabad
Fargo (ND) (MN)
Farmington (NM)
Faro
Faroer 
Fayetteville (AR)
Fayetteville/Ft. Bragg (NC)
Fes
Figari
Flagstaff (AZ)
Flin Flon
Flint (MI)
Florence (Firenze) 
Florianopolis
Floro
Fort Albert
Fortaleza 
Foula (Shetland)
Francistown
Frankfurt/Main 
Frankfurt/Hahn
Franklin/Oil City (PA)
Fredericton
Freeport 
Freetown 
Frejus
Fresno (CA)
Friedrichshafen 
Fuerteventura
Fujairah,  
Fukuoka
Fukushima 
Funchal
FutunaWallis and Futuna Islands
Gaborone 
Gadsden (AL)
Gainesville (FL)
Galway
Gander
Garoua
Gaza City 
Gaziantep
Gdansk
Geelong
Geneva 
Genoa
George
Georgetown 
Geraldton
Gerona
Ghent (Gent)
GibraltarGibraltar
Gilette (WY)
Gilgit
Gillam
Gladstone
Glasgow, Prestwick
Glendive (MT)
Goa
Goiania, Santa Genoveva 
Gold Coast
Goondiwindi
Goose Bay
Gorna
Gothenburg (Göteborg) 
Gove (Nhulunbuy)
Govenors Harbour
Granada
Grand Bahama 
Graz
Great Falls (MT)
Green Bay (WI)
Greenbrier/Lewisburg (WV)
Greensboro/Winston Salem (NC)
Greenville (MS)
Greenville/Spartanburg (SC)
 
Grenoble
Griffith
Groningen 
Groote Eylandt 
Groton/New London (CT)
Guadalajara
Guadalcanal
GuamGuam
Guangzhou (Canton) 
Sao Paulo 
 City 
Guayaquil 
GuernseyChannel Islands
Guettin
Gulfport/Biloxi (MS)
Guilin 
Gulu
Gunnison/Crested Butte (CO)
Guwahati
Gwadar
Gweru
Gympie
Hachijo Jima
Hagåtña 
Haifa
Haines (AK)
Hakodate
Halifax 
Hall Beach
Hamburg 
Hamilton
Hammerfest
Hancock (MI)
Hangchow (Hangzhou)Zhejiang, PR 
Hannover
Hanoi 
Harare 
Harbin (Haerbin)Heilongjiang, PR 
Harlingen/South Padre Island (TX)
Harrington Harbour, PQ
Harrisburg (PA) 
Hartford (CT) /Springfield (MA)
Hatyai (Hat Yai)
Haugesund
Havana 
Havre (MT)
Hayman Island
Helena (MT)
Helsingborg
Helsinki 
Heraklion
Hermosillo 
Hervey Bay
Hibbing (MN)
Hickory (NC)
Hilo (HI)
Hilton Head Island (SC)
Hinchinbrook Island
Hiroshima 
Ho Chi Minh City (Saigon) 
Hobart
Hof
Holguin
Home Hill
Homer (AK)
Hong Kong 
Honiara Henderson 
Honolulu (HI) 
Hoonah (AK)
Horta
Houston (TX) , Hobby
HuahineFrench Polynesia
Huatulco
Hue 
Humberside
Huntington (WV)
Huntsville (AL)
Hurghada 
Huron (SD)
Hwange National Park
Hyannis (MA)
Hydaburg (AK)
Hyderabad 
IbizaIbiza/
Idaho Falls (ID)
Iguazu, Cataratas
Ile des PinsNew Caledonia
Iliamna (AK)
Imperial (CA)
Incercargill
Incheon, Incheon  
napolis (IN) 
Ingham
Innisfail
Innsbruck 
 Falls (MN)
Inuvik
Invercargill
Inverness
Inykern (CA)
Iqaluit (Frobisher Bay)
Iquitos
Irkutsk
Ishigaki 
Islamabad 
Islay
Isle of Man
Istanbul 
Ithaca/Cortland (NY)
Ivalo
Ixtapa/Zihuatenejo
Izmir
Jackson Hole (WY)
Jacksonville (AR)  Little Rock AFB   
Jacmel   
Jacobabad
Jacobina   
Jacquinot Bay New 
Jaffna 
Jagdalpur
Jaipur 
Jaisalmer   
Jakarta 
Jalalabad    
Jalandhar
Jalapa
Jales
Jaluit Island  
Jamba
Jambi 
Jambol
Jamestown (ND)
Jammu 
Jamnagar 
Jamshedpur 
Janakpur
Jandakot
Janesville (WI) 
Januaria
Jaque   
Jatai
Jauja
Jayapura 
Jeddah 
Jefferson City (MO) 
Jeremie 
Jerez de la Frontera/Cadiz 
JerseyChannel Islands
Jerusalem 
Jessore 
Jeypore 
Ji'anJiangxi, 
Jiamusi 
Jiayuguan 
Jijel
Jijiga
JilinPR 
Jimma
JinanShandong, PR 
JingdezhenPR 
Jinghong 
JiningPR 
Jinja
JinjiangPR 
Jinka 
Jinzhou 
Jipijapa
Jiri
Jiujiang 
Jiwani
Joacaba
Joao Pessoa 
Jodhpur
Jönköping (Jonkoping) 
Joensuu
Johannesburg 
Johnson City (NY) 
Johnston Island
Johnstown (PA)
Johor Bahru 
Joinville 
Jolo
Jomsom
Jonesboro (AR)  Jonesboro 
Joplin (MO)
Jorhat 
Josia
Jose De San Martin
Jouf
Juanjui
Juba
Juist (island)
Juiz De Fora 
Jujuy 
Julia Creek
Juliaca
Jumla
Jundah
Juneau (AK) 
Junin
Juticalpa
Jwaneng
Jyväskylä (Jyvaskyla)
Kabul 
Kagoshima
Kahramanmaras
Kahului (HI)
Kajaani
Kalamata
Kalamazoo/Battle Creek (MI)
Kalgoorlie
Kaliningrad
Kalispell (MT)
Kalmar
Kamloops, BC
Kamuela (HI)
Kanoia
Kanpur
Kansas City (MO) 
Kaohsiung 
Kapalua West (HI)
Karachi 
Karlsruhe
Karlstad
Karpathos
Karratha
Kars
Karumba
Karup
Kaschechawan, PQ
Kassala
Katherine
Kathmandu 
Katima Mulilo/Mpacha
Kauhajoki
Kaunakakai (HI)
Kavalla
Kayseri
Kazan 
Keetmanshoop
Kelowna, BC
Kemi/Tornio
Kenai (AK)
Kent (Manston) Kent 
Kerry County
Ketchikan (AK)
Key West (FL)
Khamis Mushayat
Kharga 
Kharkov
Khartoum 
Khuzdar
Kiel 
Kiev 
Kigali 
Kilimadjaro
Killeem (TX)
Kimberley
King IslandKing Island ()
Kingscote
Kingston 
Kingstown 
Kinshasa 
Kiritimati (island) 
Kirkenes
Kirkuk
Kirkwall (Orkney)
Kiruna
Kisangani (DRC)
Kittilä
Kitwe
Klagenfurt
Klamath Fall (OR)
Klawock (AK)
Kleinsee
Knock
Knoxville (TN)
Kobe
Kochi
Köln, Köln/Bonn
Kodiak (AK)
Kohat
Kokkola/Pietarsaari
Kolkata (Calcutta) 
Komatsu
Kona (HI)
Konya
KorhogoCote d'Ivoire
Kos
Kota Kinabalu
Kotzbue (AK)
Kowanyama
Krakow (Cracow) 
Kristiansand
Kristianstad
Kristiansund
Kuala Lumpur 
Kuantan
Kuching
Kumamoto
Kununurra
Kuopio
Kushiro
Kuujjuaq (FortChimo)
Kuujjuarapik
Kuusamo
 
Kyoto
Labe
Labouchere Bay (AK)
Labuan
Lac Brochet, MB
La Coruna
Lae 
Lafayette (IN)
Lagos 
Lahore
Lake Charles (LA)
Lakselv
Lambarene
Lamezia Terme
Lampedusa
Lanai City (HI)
Lancaster (PA)
Land's End
Langkawi (islands)
Lannion
Lanseria
Lansing (MI)
Lappeenranta
Laramie (WY)
Laredo (TX)
Larnaca
Las Palmas
Latrobe (PA)
Launceston
Laurel/Hattisburg (MS)
Laverton
Lawton (OK)
Lazaro Cardenas
Leaf Rapids
Learmouth (Exmouth)
 (NH)
Leeds/Bradford
Leinster
Leipzig
Lelystad
Leon
Leonora
Lerwick/Tingwall (Shetland Islands)
Lewiston (ID)
Lewistown (MT)
Lexington (KY)
Libreville
Lidkoeping
Liege
LifouLoyaute, Pazifik
Lihue (HI)
Lille 
Lilongwe 
Lima 
Limassol
Limoges
Lincoln (NE)
Lindeman Island
Linz 
Lisala (DRC)
Lisbon 
Lismore
Little Rock (AR)
Liverpool
Lizard Island
Ljubljana 
Lockhart River
Lome
London
Londonderry 
Long Beach (CA)
Longreach
Longview/Kilgore (TX)
Longyearbyen 
Loreto
Lorient
Los Angeles (CA) 
Losinj 
Lourdes/Tarbes
Louisville (KY)
Luanda 
Lubbock (TX)
Lucknow
Luederitz
Luga
Lugano
Lulea
Lumbumbashi (DRC)
Lusaka 
Lusisiki

Luxi 
Luxor
Lvov (Lwow, Lemberg)
Lydd 
Lynchburg (VA)
Lyon 
Lyons (KS) 
Maastricht/Aachen
Macapa 
Macau 
Maceio 
Mackay
Macon (GA)
Mactan Island 
Madinah (Medina) 
Madison (WI) 
Madras (Chennai) 
Madrid 
Mahe 
Mahon
Maitland
Majunga
Makung
Malabo 
Malaga
Malatya
Male 
ndi
Malmo (Malmoe)
ManCote d'Ivoire
Managua 
Manaus 
Manchester
Mandalay 
Manguna New 
ManihiFrench Polynesia
Manila 
Manzanillo
Manzini 
Maputo 
Mar del Plata
Maracaibo 
Maradi
Maras
Marathon (FL)
Mardin
MareNew Caledonia
Margate
Margerita
Maribor
Mariehamn (Maarianhamina)
Maroua
Marquette (MI)
Marrakesh 
Marsa Alam
Marseille 
Marsh Harbour
Martha's Vineyard (MA)
Martinsburg (WV)
Maryborough
Maseru 
Mason City IA
Masvingo
Matsumoto, Nagano
Matsuyama
Mattoon (IL)
Maun
MaupitiFrench Polynesia
 
MayaguezPuerto Rico
Mazatlan
McAllen (TX)
Medan 
Medellin 
Medford (OR)
Medina
Meekatharra
Melbourne 
Melville Hall
Memphis (TN)
Mendoza
Manado
Merced (CA)
Merida
Meridian (MS)
Merimbula
Messina
Metlakatla (AK)
Metz 
Metz/Nancy Metz
Mexicali
 City 
Mfuwe
Miami (FL)
Mianwali
Middlemount
Midland/Odessa (TX)
Midway Island 
Mikkeli
Milan
Mildura
Miles City (MT)
Milford Sound
Milwaukee (WI)
Minatitlan
Mineralnye Vody
Minneapolis 
Minot (ND)
Minsk, 
Miri
Mirpur
Missula (MT)
Mitchell (SD)
Miyako Jima (Ryuku Islands) 
Miyazaki
Mkambati
Moanda
Mobile (AL) 
Modesto (CA)
Moenjodaro
Mogadishu
Mokuti
Moline/Quad Cities (IL)
Mombasa 
Monastir
Moncton
Monroe (LA)
Monrovia 
Montego Bay 

Monterey (CA)
Monterrey 
Montevideo 
Montgomery (AL) 
Montpellier 
Montreal
Montrose/Tellruide (CO)
MooreaFrench Polynesia
Moranbah
Moree
Morelia
Morgantown (WV)
Morioka, Hanamaki
Moroni 
Moruya
Moscow 
Moses Lake (WA)
Mossel Bay
MostarBosnia and Herzegovina
Mosul
Mouila
Moundou
Mount Cook
Mt. Isa
Muenchen (Munich) 
Muenster/Osnabrueck
Mulhouse
Multan
Murcia
Murmansk
Mus
Muscat 
Muscle Shoals (AL)
Muskegon (MI)
Muzaffarabad
Mvengue
Mykonos
Myrtle Beach (SC) 
Mysore
Mytilene (Lesbos)
Mzamba
Nadi
Nagasaki
Nagoya 
Nagpur
Nairobi
Nakhichevan
Nakhon Si Thammarat
Nancy
Nanisivik
NanningGuangxi, PR 
Nantes 
Nantucket (MA)
Naples 
Narrabri
Narrandera
NarsarsuaqGreenland
Nashville (TN)
Nassau
Natal 
Nausori/Suva
Nawab Shah
Naxos 
N'Djamena
N'Dola
Nelson
Nelspruit
NevisSt. Kitts and Nevis
New Bern (NC)
Newquay
Newburgh (NY)
Newcastle 
Newman
Newport
N'Gaoundere
Niagara Falls 
Niamey
Nice 
Nicosia
Nikolaev
Niigata
Nimes
Nis
Nizhny Novgorod 
Nome (AK)
Noosa
Norfolk Island
Norfolk
Norman Wells
Norrkoeping
North Bend (OR)
Norwich
Nottingham 
Nouadhibou
Nouakchott
NoumeaNew Caledonia
Novi Sad
Novosibirsk 
Nürnberg (Nuremberg)
Nuevo Laredo
Nuku'alofa 
Oakland (CA)
Oaxaca 
Odense
Odessa
Oerebro
Ohrid
Oita
Okayama
Okinawa, Ryukyo Island 
Oklahoma City (OK) 
Olbia
Olympic Dam
Omaha (NE)
Ondangwa
Ontario (CA)
Oran (Ouahran)
Orange
Oranjemund
Oranjestad 
Orkney 
Orlando Metropolitan Area (FL)
Orpheus Island
Osaka, Metropolitan Area
Oshkosh (WI)
Osijek (Hrvatska)
Oslo 
Ottawa 
Ouaddaublic
Ouarzazate
Oudtshoorn
Ouagadougou Faso
Oujda
Oulu
Out Skerries (Shetland)
Oviedo
Owensboro (KY)
Oxnard (CA)
Oyem/Loyautte
Paderborn/Lippstadt
Paducah (KY)
Page/Lake Powell (AZ)
Pago PagoAmerican 
Pakersburg (WV) /Marietta (OH)
Palermo 
Palma de Mallorca
Palmas
Palmdale/Lancaster (CA)
Palmerston North
Palm Springs (CA)
 City 
Panjgur
Pantelleria
Papeete 
Paphos
Paraburdoo
Paramaribo 
Paris
Paro
Pasco (WA)
Pasni
Patna
Pattaya
Pau
Pellston (MI)
Penang 
Pendelton (OR)
Pensacola (FL)
Peoria/Bloomington (IL)
Pereira
Perpignan
Perth 
gia
Pescara
Peshawar
Petersburg (AK)
Phalaborwa
Philadelphia (PA) 
Phnom Penh 
Phoenix (AZ) 
Phuket
Pierre (SD)
Pietermaritzburg
Pietersburg
Pilanesberg/Sun City
Pisa 
Pittsburgh   (PA)
Plattsburgh (NY)
Plettenberg Bay
Pocatello (ID)
Podgorica
Pohnpei
Pointe a PitreGuadeloupe
Poitiers 
PoncePuerto Rico
Ponta Delgada
Pori
Port Angeles (WA)
Portland
Porto
Poughkeepsie (NY)
Poznan, Lawica
Prague 
Praia 
Presque Island (ME)
Pretoria 
Preveza/Lefkas
Prince George
Pristina
Prosperpine
Providence (RI)
Prudhoe Bay (AK)
Puebla
Pueblo (CO)
Puerto Escondido
Pukatawagan
Pula (Hrvatska)
Pullman (WA)
Pune, Maharashtra
Punta Arenas 
Pu San (Busan) 
Pyongyang 
Quebec 
Queenstown
Quetta
QingdaoShandong, PR 
Quimper
Quincy (IL)
Quito 
Rabat 
Rahim Yar Khan 
RaiateaFrench Polynesia
Rainbow Lake, AB
Rajkot
Raleigh/Durham (NC)
Ranchi
RangiroaFrench Polynesia
Rangoon (Yangon) 
Rapid City (SD)
RarotongaCook Island
Ras al Khaymah (Ras al Khaimah)
Rawala Kot
Rawalpindi
Reading (PA)
Recife 
Redding (CA)
Redmond (OR)
Reggio Calabria
Regina
Reina SofiaTeneriffa/
Rennes
Reno (NV)
Resolute Bay
Reus
Reykjavik 
Rhinelander (WI)
Rhodos
Richards Bay
Richmond (VA)
Riga
Rijeka (Hrvatska)
Rimini
Rio Branco 
Riyadh 
Roanne
Roanoke (VA)
Roatan
Rochester (MN)
Rock Sound
Rockford (IL)
Rockhampton
Rockland (ME)
Rocky Mount 
Rodez
Rodrigues Island
Roenne
Rome
Ronneby
Rosario
Rostov
Rotorua
Rotterdam
Rovaniemi
Rundu
Ruse
Saarbruecken
Sacramento (CA)
Sado Shima
Saginaw/Bay City/Midland (MI)
Saidu Sharif
Saigon (Ho Chi Minh City) 
Saint Brieuc
SaipanNorthern Mariana Islands
Sal
Salalah
Salem (OR)
Salinas (CA)
Salisbury
Saloniki
Salta, Gen Belgrano
Salt Lake City (UT)
Salvador 
Salzburg 
Samara 
Samarkand 
Samos
Samsun
San Andres
Sanaa (Sana'a) 
Sandspit
Santa Ana 
Santander
Santiago 
Santo
SarajevoBosnia and Herzegovina
Saransk 
Sarasota/Bradenton (FL)
Saskatoon
SassandraCote d'Ivoire
Savannah (GA)
Savonlinna
Scarborough 
Scone
Scottsdale (AZ)
Seattle/Tacoma (WA)
Sehba
Seinaejoki
Selibi Phikwe
Sendai
Seoul 
Sevilla
Sfax
Shamattawa, MB
Shanghai 
Shannon (Limerick)
Sharjah
Sharm El Sheikh
Sheffield, City 
Shenandoah Valley/Stauton (VA)
ShenyangLiaoning, PR 
Shenzhen 
Sheridan (WY)
Shreveport, La
Shute Harbour
Sibu
Sidney (MT)
Silistra
Simferopol
Sindhri
 
Singleton
Sioux City IA
Sishen
Sitka (AK)
Sivas
Siwa
Skagway (AK)
Skardu
Skiathos
Skopje
Skrydstrup
Skukuza
Sligo
Smithers
Sodankylae
Soenderborg
Soendre StroemfjordGreenland
Sofia 
Sogndal
Southampton 
South Bend (IN)
Southend (London)
Split (Hrvatska)
Spokane (WA)
Springbok
Springfield (IL)
Srinagar
St. Augustin, PQ
Stansted (London)
State College/Belefonte (PA)
Stavanger
Steamboat Springs (CO)
Stettin
Stockholm Metropolitan Area
Stockton (CA)
Stornway
Strasbourg 
Streaky Bay
Stuttgart 
Sui
Sukkur
Sumburgh (Shetland)
Sun Valley (ID)
Sundsvall
Sunshine Coast
Surabaya 
Surat
Suva 
Swakopmund
Sydney 
Sylhet
Syracuse (NY)
Tabuk
Taif
Taipei 
TaiyuanShanxi, PR 
Takamatsu
Talkeetna (AK)
Tallahassee (FL)
Tallinn 
Tampa 
Tampere
Tampico 
Tamworth
Tangier 
Taree
Targovishte
Tashkent 
Tawau
Tbilisi 
Te Anau
Teesside, Durham Tees Valley
Tegucigalpa
Tehran (Teheran) 
Tekirdag 
Tel Aviv 
Telluride (CO)
Temora
Tenerife
Tennant Creek
Terceira
Teresina
Termez (Termes)
Terrace
Terre Haute (IN)
Texarkana (AR)
Thaba'Nchu
The Pas
Thessaloniki 
Thief River Falls (MN)
Thira
Thiruvananthapuram
Thisted
Thompson
Thorne Bay (AK)
Thunder Bay
Thursday Island
Tianjin
Tijuana 
Tioman
Tirana 
Tiruchirapally
Tivat
TobagoTrinidad and Tobago
Tokushima
Tokyo
Toledo (OH)
Tom Price
Toowoomba
Toronto 
TortolaBritish Virgin Islands
TouhoNew Caledonia
Toulouse 
Townsville
Toyama
Trabzon
Trapani
Traverse City (MI)
Treasure Cay
Trenton/Princeton (NJ)
Treviso
Tri
Trieste
Tripoli 
Tromsoe
Trondheim
Tsumeb
Tucson (AZ)
Tulepo (MS)
Tulsa (OK)
Tunis 
Turbat
Turin
Turku
Tuscaloosa (AL)
Tuxtla Gutierrez
Twin Falls (ID)
Tyler (TX)
Ua HukaFrench Polynesia
Ube
Uberaba
Uberlandia 
Ubon Ratchathani 
Udaipur 
Uden 
Udon Thani
Ufa
Uherske Hradiste
Uige
Ujung Pandang 
Ukhta
Ukiah (CA)
Ulaanbaatar 
Ulan
UlanhotPR 
Ulei
UlsanSouth Korea
Ulundi
Umea
Umiujaq
Umtata
Unalakleet (AK)
Union IslandSaint Vincent and the Grenadines
Unst (Shetland Island) 
Upala
Upernavik 
Upington
Upolu Point (HI)
Uranium City
Urgench
Uriman
Urmiehm (Orumieh)
Uruapan
Urubupunga 
Uruguaiana 
UrumqiXinjiang, PR 
Uruzgan
Ushuaia 
Utapao (Pattaya)
Utica (NY) 
Utila
UummannaqGreenland
Uzhgorod
Vaasa
Vaexjoe
Vail (CO)
Val d'Or
Valdez (AK)
Valdosta (GA)
Valencia
Valladolid
Valparaiso
Valverde
Van 
Vancouver 
Varadero
Varanasi
Varkaus
Varna
Vasteras
Velikiye Luki (Welikije Luki)
Venice 
Veracruz
Vernal (UT)
Vero Beach/Ft. Pierce (FL)
Verona (Brescia) Montichiari
Victoria
Vidin
Vientiane 
Vigo
Villahermosa
Vilnius
Virgin GordaVirgin Islands (British)
Visalia (CA)
Visby
Vitoria
Vryheid
Wabush
Waco (TX)
Wagga
Walla Walla (WA)
WallisWallis and Futuna Islands
Walvis Bay
Warrnambool
Warsaw 
Washington DC 
Waterloo IA
Watertown (SD)
Wausau/Stevens Point (WI)
Weipa
Welkom
Wellington
Wenatchee (WA)
West Palm Beach (FL)
Westerland, Sylt 
Whakatane
Whale Cove, NT
Whangarei
White Plains (NY)
Whitehorse
Whitsunday Resort
Whyalla
Wichita Falls (TX)
Wick
Wickham
Wien (Vienna) 
Wiesbaden, Air Base
Wilkes Barre/Scranton (PA)
Williamsport (PA)
Williston (ND)
Wilmington (NC)
Wilna (Vilnius)
Wiluna
Windhoek 
Windsor Ontario
Winnipeg 
Wolf Point (MT)
Wollongong
Woomera
Worcester (MA)
Worland (WY)
Wrangell (AK)
WuhanHubei, PR 
Wyndham
XiamenFujian, PR 
Xi'an 
Yakima (WA)
Yakutat (AK)
Yakutsk
Yamagata, Junmachi
YamoussoukroCôte d'Ivoire
Yanbu
Yangon (Rangoon) 
Yaounde
Yellowknife
Yekaterinburg 
YichangHubei, PR 
Yokohama
Yuma (AZ)
Zacatecas
Zadar (Hrvatska)
Zagreb 
Zakynthos
Zaragoza
Zhob
Zinder
Zouerate
Zurich (Zürich) 
Khon Kaen
New York